timestamp,vibration_mm_s,temperature_c
2025-12-15 13:33:32.633476,-0.10870163517369423,44.9374346936076
2025-12-15 13:33:32.643476,0.6243294339806709,45.04371828267406
2025-12-15 13:33:32.653476,1.7298690046849483,44.891987118544
2025-12-15 13:33:32.663476,2.1214639911925723,44.98210558510038
2025-12-15 13:33:32.673476,2.238767340400641,44.96382139522838
2025-12-15 13:33:32.683476,2.4315667938830163,45.17078238027082
2025-12-15 13:33:32.693476,2.289421946991406,45.09565534001672
2025-12-15 13:33:32.703476,1.8161043315717185,45.16559763041554
2025-12-15 13:33:32.713476,1.5603584504721422,45.176777347913834
2025-12-15 13:33:32.723476,0.46921769189518414,45.30944480684652
2025-12-15 13:33:32.733476,-0.27606556509812796,45.15246698795167
2025-12-15 13:33:32.743476,-0.5363920726029916,45.19231625555645
2025-12-15 13:33:32.753476,-1.1525004895661533,45.21140791403364
2025-12-15 13:33:32.763476,-1.823853452495121,45.33655096704427
2025-12-15 13:33:32.773476,-2.315107435242899,45.307385024973456
2025-12-15 13:33:32.783476,-2.3245703051542534,45.29786995541779
2025-12-15 13:33:32.793476,-2.4463975474133033,45.24732925221284
2025-12-15 13:33:32.803476,-1.8904415558276841,45.37838154437766
2025-12-15 13:33:32.813476,-1.3364495551717617,45.33194706244801
2025-12-15 13:33:32.823476,-0.4940444698136701,45.28173352517737
2025-12-15 13:33:32.833476,-0.3287604473062747,45.36347662221455
2025-12-15 13:33:32.843476,0.6647154206563546,45.39665915888364
2025-12-15 13:33:32.853476,1.3496749035527966,45.39579304346665
2025-12-15 13:33:32.863476,1.695832509874596,45.47967506488469
2025-12-15 13:33:32.873476,2.194807498238814,45.50159674897244
2025-12-15 13:33:32.883476,2.4781643554283437,45.54552657333118
2025-12-15 13:33:32.893476,2.4758464579372865,45.55423959782466
2025-12-15 13:33:32.903476,2.090736816334698,45.49406417044969
2025-12-15 13:33:32.913476,1.5854741637992489,45.47566059402069
2025-12-15 13:33:32.923476,0.8989058282456721,45.62803535447794
2025-12-15 13:33:32.933476,0.31575466364553706,45.597295205310544
2025-12-15 13:33:32.943476,-1.0933682230007464,45.684500480215576
2025-12-15 13:33:32.953476,-1.7723979095387459,45.66913039107385
2025-12-15 13:33:32.963476,-2.091056892331084,45.625404443456596
2025-12-15 13:33:32.973476,-2.354506961165409,45.730222092047214
2025-12-15 13:33:32.983476,-2.8961765140714664,45.76145239939738
2025-12-15 13:33:32.993476,-2.469781938857893,45.740556382173544
2025-12-15 13:33:33.003476,-1.9223124009253865,45.70602045311101
2025-12-15 13:33:33.013476,-1.5517643574372744,45.804633230314614
2025-12-15 13:33:33.023476,-0.9123273084886625,45.855613407250104
2025-12-15 13:33:33.033476,-0.3478879120302574,45.831040783538
2025-12-15 13:33:33.043476,0.8427883557502825,45.82758202478494
2025-12-15 13:33:33.053476,1.6024017281070577,45.88535291229666
2025-12-15 13:33:33.063476,1.6234446374397313,45.88074951103913
2025-12-15 13:33:33.073476,2.572738765009114,45.85337304430258
2025-12-15 13:33:33.083476,2.6984435423456383,45.90011086271723
2025-12-15 13:33:33.093476,2.4230906548811926,45.91144488941693
2025-12-15 13:33:33.103476,2.2851498053335026,45.89747424961436
2025-12-15 13:33:33.113476,1.2405029121641973,45.99629461653247
2025-12-15 13:33:33.123476,1.0395134854907817,45.972563684756224
2025-12-15 13:33:33.133476,0.09686582878114983,45.9969457265286
2025-12-15 13:33:33.143476,-0.814798760909577,46.01031175489525
2025-12-15 13:33:33.153476,-1.7170741701294783,46.06709544469403
2025-12-15 13:33:33.163476,-1.9985288893978566,46.05718322451796
2025-12-15 13:33:33.173476,-2.5691117623766324,46.05497393727756
2025-12-15 13:33:33.183476,-2.3805970986982743,46.030947713619476
2025-12-15 13:33:33.193476,-1.7787506416594763,46.10744550917646
2025-12-15 13:33:33.203476,-2.1029881395839776,46.1857172679908
2025-12-15 13:33:33.213476,-1.173061683157845,46.18625103106602
2025-12-15 13:33:33.223476,-0.6382883109354924,46.22199610161091
2025-12-15 13:33:33.233476,-0.11214393595875304,46.12772956823171
2025-12-15 13:33:33.243476,0.7417991284283975,46.262621505702626
2025-12-15 13:33:33.253476,1.045484986075064,46.205097136159054
2025-12-15 13:33:33.263476,2.2189588853040374,46.30722338272974
2025-12-15 13:33:33.273476,2.2462950217845066,46.2860516606388
2025-12-15 13:33:33.283476,2.719898228693873,46.251632476338614
2025-12-15 13:33:33.293476,2.460841374270072,46.25091043348801
2025-12-15 13:33:33.303476,2.152575909754052,46.41877768561095
2025-12-15 13:33:33.313476,1.2353980075370183,46.24658787992806
2025-12-15 13:33:33.323476,0.8295491448216822,46.34163553238496
2025-12-15 13:33:33.333476,-0.08305296196768844,46.487929407250626
2025-12-15 13:33:33.343476,-0.8956308370105025,46.40985399924717
2025-12-15 13:33:33.353476,-1.5752508358091895,46.48907236684724
2025-12-15 13:33:33.363476,-2.1604473000295066,46.449940585760935
2025-12-15 13:33:33.373476,-2.3897137619334274,46.448267054226285
2025-12-15 13:33:33.383476,-2.2320328770105395,46.561811667790536
2025-12-15 13:33:33.393476,-2.059481892974969,46.60021327017644
2025-12-15 13:33:33.403476,-1.7851454498215011,46.52069336515653
2025-12-15 13:33:33.413476,-1.2176779729855167,46.464105905972964
2025-12-15 13:33:33.423476,-0.7748284522359418,46.59619681849884
2025-12-15 13:33:33.433476,0.15460460828719713,46.6030100989971
2025-12-15 13:33:33.443476,0.5758067829322979,46.629138373694914
2025-12-15 13:33:33.453476,1.905102921995097,46.61283543266145
2025-12-15 13:33:33.463476,2.224735213268496,46.78040566102735
2025-12-15 13:33:33.473476,2.3749157173919273,46.71902266574032
2025-12-15 13:33:33.483476,2.2198604992748026,46.70710278221716
2025-12-15 13:33:33.493476,2.6729731941000634,46.54115323842038
2025-12-15 13:33:33.503476,2.2032720331045383,46.7815664441418
2025-12-15 13:33:33.513476,1.7696280845272896,46.80661772223384
2025-12-15 13:33:33.523476,0.644626377912155,46.79355741776794
2025-12-15 13:33:33.533476,-0.42794286668034415,46.860797868797995
2025-12-15 13:33:33.543476,-1.1141436084802057,46.86199514449271
2025-12-15 13:33:33.553476,-1.347233013697839,46.92623839652713
2025-12-15 13:33:33.563476,-1.838592516333124,46.80664229398318
2025-12-15 13:33:33.573476,-2.4748404572453233,46.80972178969281
2025-12-15 13:33:33.583476,-2.516866031885757,46.88430425252484
2025-12-15 13:33:33.593476,-2.1195203179166002,46.85963842046103
2025-12-15 13:33:33.603476,-1.8922164987932888,46.96247136453037
2025-12-15 13:33:33.613476,-1.2151598893589244,47.08491120178966
2025-12-15 13:33:33.623476,-1.2665871002971731,46.916530743509796
2025-12-15 13:33:33.633476,0.03925479574709708,47.01048740278636
2025-12-15 13:33:33.643476,0.8399070104514228,47.04323004559006
2025-12-15 13:33:33.653476,1.706996496445007,47.060301682042656
2025-12-15 13:33:33.663476,2.3079475016145143,47.030442987569614
2025-12-15 13:33:33.673476,2.2275249656524814,47.1449755116974
2025-12-15 13:33:33.683476,2.3632762452256264,47.138738115964955
2025-12-15 13:33:33.693476,1.9761389442540878,47.06689708848627
2025-12-15 13:33:33.703476,1.8610600131173947,47.159165544829
2025-12-15 13:33:33.713476,1.6495313077745268,47.12093026743303
2025-12-15 13:33:33.723476,0.7788257705672056,47.18924517848815
2025-12-15 13:33:33.733476,0.05076972766768903,47.186095007158904
2025-12-15 13:33:33.743476,-0.6519371424068156,47.23020254709869
2025-12-15 13:33:33.753476,-1.5698147825337967,47.282964855040255
2025-12-15 13:33:33.763476,-2.118109671303586,47.279053419823036
2025-12-15 13:33:33.773476,-2.519268637604379,47.31407781149543
2025-12-15 13:33:33.783476,-2.6395971444984907,47.28454984089691
2025-12-15 13:33:33.793476,-2.3043149943976906,47.36404904978197
2025-12-15 13:33:33.803476,-1.9931046894168716,47.38601062913778
2025-12-15 13:33:33.813476,-1.4362591365755804,47.33523919517478
2025-12-15 13:33:33.823476,-0.41142767052590895,47.37067054525423
2025-12-15 13:33:33.833476,0.054789131260654475,47.39778550367497
2025-12-15 13:33:33.843476,0.9032135988191876,47.39635422647553
2025-12-15 13:33:33.853476,1.8110097773665625,47.45336811569728
2025-12-15 13:33:33.863476,2.0112338199162973,47.372875289112386
2025-12-15 13:33:33.873476,2.394139162589905,47.5413856433213
2025-12-15 13:33:33.883476,2.60905738161128,47.42145020782655
2025-12-15 13:33:33.893476,2.540721766234338,47.491254068412104
2025-12-15 13:33:33.903476,1.9593286683565911,47.51298819530201
2025-12-15 13:33:33.913476,1.3539673086257054,47.650220101367935
2025-12-15 13:33:33.923476,0.3646293660727044,47.57181012746388
2025-12-15 13:33:33.933476,0.19103172699318466,47.68457123264657
2025-12-15 13:33:33.943476,-0.9358445048228183,47.57364290545579
2025-12-15 13:33:33.953476,-1.8836442944912895,47.637915357846495
2025-12-15 13:33:33.963476,-2.1843686111835203,47.6008659302238
2025-12-15 13:33:33.973476,-2.4055773647067302,47.61688187862072
2025-12-15 13:33:33.983476,-2.559302532555773,47.65557269412582
2025-12-15 13:33:33.993476,-2.229789901525055,47.685174644836316
2025-12-15 13:33:34.003476,-2.23102352375842,47.79609817563546
2025-12-15 13:33:34.013476,-1.7908519095235238,47.811293064351275
2025-12-15 13:33:34.023476,-0.63441866571058,47.72511221286504
2025-12-15 13:33:34.033476,0.1913998294603479,47.85355110382539
2025-12-15 13:33:34.043476,1.0180623782173974,47.87117358098579
2025-12-15 13:33:34.053476,1.403207205827973,47.88592289269957
2025-12-15 13:33:34.063476,2.098934164738361,47.90103492156098
2025-12-15 13:33:34.073476,2.4765422748106682,47.84857402097111
2025-12-15 13:33:34.083476,2.520175818708279,47.98701794504434
2025-12-15 13:33:34.093476,2.243971615218938,48.03129736404026
2025-12-15 13:33:34.103476,1.8763608103386817,47.97268720984803
2025-12-15 13:33:34.113476,1.5947869020244423,47.95600935017429
2025-12-15 13:33:34.123476,0.2842575222731194,48.020510563614216
2025-12-15 13:33:34.133476,-0.3790614845681992,47.99199176059031
2025-12-15 13:33:34.143476,-0.7481848369676243,47.97278139641198
2025-12-15 13:33:34.153476,-1.1738052688449498,48.0928205269031
2025-12-15 13:33:34.163476,-2.197072089249433,48.0298698784765
2025-12-15 13:33:34.173476,-2.17622554816704,48.09646181200295
2025-12-15 13:33:34.183476,-2.628928781075605,48.07675493389061
2025-12-15 13:33:34.193476,-2.1739608269536435,48.11602338639013
2025-12-15 13:33:34.203476,-2.0888930317653736,48.108641743120046
2025-12-15 13:33:34.213476,-1.725143649133138,48.20692752449389
2025-12-15 13:33:34.223476,-0.2724681189931422,48.28728459138457
2025-12-15 13:33:34.233476,0.26297686077356686,48.28805033764773
2025-12-15 13:33:34.243476,1.054132049701371,48.28749897277548
2025-12-15 13:33:34.253476,1.3264744119917995,48.17606687258725
2025-12-15 13:33:34.263476,2.3091755966564054,48.257560831411766
2025-12-15 13:33:34.273476,2.1622004557755043,48.26089492240796
2025-12-15 13:33:34.283476,2.5253291107584683,48.299153208426816
2025-12-15 13:33:34.293476,2.1719930405576147,48.27329730943303
2025-12-15 13:33:34.303476,1.8938468965066126,48.383310649196574
2025-12-15 13:33:34.313476,1.1894979294855546,48.379721256815905
2025-12-15 13:33:34.323476,0.4985606061733859,48.37062305462513
2025-12-15 13:33:34.333476,0.1267404299992788,48.35880920802236
2025-12-15 13:33:34.343476,-0.7528066025380543,48.47513025215223
2025-12-15 13:33:34.353476,-1.2469402255081927,48.48993771575901
2025-12-15 13:33:34.363476,-2.0088419089039893,48.39661625227279
2025-12-15 13:33:34.373476,-2.5477699678235934,48.47820174166209
2025-12-15 13:33:34.383476,-2.6930348961800847,48.50764118615763
2025-12-15 13:33:34.393476,-2.5181219504219934,48.50605262752296
2025-12-15 13:33:34.403476,-2.0209999173677424,48.59122918860757
2025-12-15 13:33:34.413476,-1.3042345211328932,48.59315927385865
2025-12-15 13:33:34.423476,-0.709577651002658,48.57375201642859
2025-12-15 13:33:34.433476,0.10797157771094477,48.52793024148546
2025-12-15 13:33:34.443476,1.7067921521172176,48.67006547126155
2025-12-15 13:33:34.453476,1.4639409064941036,48.59280527758114
2025-12-15 13:33:34.463476,2.179706998828146,48.70981212508628
2025-12-15 13:33:34.473476,2.1774189056894486,48.69203004584169
2025-12-15 13:33:34.483476,2.811075231970087,48.66007247551648
2025-12-15 13:33:34.493476,2.3373051284842843,48.68710149250827
2025-12-15 13:33:34.503476,1.991920618764965,48.66936477768882
2025-12-15 13:33:34.513476,1.393572915815138,48.761972155845726
2025-12-15 13:33:34.523476,0.6546316853697633,48.796178786546555
2025-12-15 13:33:34.533476,0.28998395435806845,48.774888796256924
2025-12-15 13:33:34.543476,-0.8414665470144866,48.829677266664966
2025-12-15 13:33:34.553476,-1.8706892407063562,48.81431514471679
2025-12-15 13:33:34.563476,-1.9839484174596917,48.89613168712207
2025-12-15 13:33:34.573476,-2.5597806865279806,48.912336462546826
2025-12-15 13:33:34.583476,-2.470051193817725,48.95442301679139
2025-12-15 13:33:34.593476,-2.157119468473208,48.92032479789508
2025-12-15 13:33:34.603476,-1.7430425229104882,48.84250548009703
2025-12-15 13:33:34.613476,-1.320024242257609,48.98773367104478
2025-12-15 13:33:34.623476,-0.2608924522542806,48.92844958423634
2025-12-15 13:33:34.633476,0.4645719498665316,49.0155182692036
2025-12-15 13:33:34.643476,0.6831462287918169,49.05997151139174
2025-12-15 13:33:34.653476,1.5099059081420694,49.006393693423355
2025-12-15 13:33:34.663476,1.6749261851505175,49.08441621380968
2025-12-15 13:33:34.673476,2.5686386832368253,49.17694443533928
2025-12-15 13:33:34.683476,2.6270570699859044,49.20764338099348
2025-12-15 13:33:34.693476,2.690687640696778,49.08376641122856
2025-12-15 13:33:34.703476,2.002502696114664,49.03136188550697
2025-12-15 13:33:34.713476,1.3356620954842697,49.07375469933909
2025-12-15 13:33:34.723476,0.3305053303138836,49.1793123340868
2025-12-15 13:33:34.733476,0.036600806951440135,49.16613278071276
2025-12-15 13:33:34.743476,-0.773017145267196,49.1899903237586
2025-12-15 13:33:34.753476,-1.4266164997863338,49.219333118280744
2025-12-15 13:33:34.763476,-2.0818622245701923,49.36862984389002
2025-12-15 13:33:34.773476,-2.1751849408804813,49.33751894433281
2025-12-15 13:33:34.783476,-2.566366811526112,49.292190186334395
2025-12-15 13:33:34.793476,-2.0919085100363484,49.23516029777706
2025-12-15 13:33:34.803476,-1.656172826073598,49.369132243051176
2025-12-15 13:33:34.813476,-1.1551179565743104,49.39604909622059
2025-12-15 13:33:34.823476,-0.7225857471969851,49.395250480172855
2025-12-15 13:33:34.833476,0.5652841286932141,49.368169120761834
2025-12-15 13:33:34.843476,1.0941048932428887,49.406237446444635
2025-12-15 13:33:34.853476,1.2883276210113654,49.52883540630272
2025-12-15 13:33:34.863476,2.110139768300885,49.4254515097123
2025-12-15 13:33:34.873476,2.3099969319056615,49.44763367747066
2025-12-15 13:33:34.883476,2.642939669652153,49.53248958752685
2025-12-15 13:33:34.893476,2.044647373457671,49.44674877092965
2025-12-15 13:33:34.903476,1.6139725293812917,49.53155664830555
2025-12-15 13:33:34.913476,1.1813173125174108,49.49742842812952
2025-12-15 13:33:34.923476,0.5293534422693263,49.55095589394741
2025-12-15 13:33:34.933476,-0.37184496489566804,49.54763584869259
2025-12-15 13:33:34.943476,-1.23732222094592,49.61021654244933
2025-12-15 13:33:34.953476,-1.7696860290468361,49.68275275049714
2025-12-15 13:33:34.963476,-2.2016027420313646,49.713126692225714
2025-12-15 13:33:34.973476,-2.4042926913733536,49.65947070828106
2025-12-15 13:33:34.983476,-2.579419148622766,49.674878963849466
2025-12-15 13:33:34.993476,-2.070192096455142,49.70807632486252
2025-12-15 13:33:35.003476,-2.0879726431248287,49.781297873804434
2025-12-15 13:33:35.013476,-1.2891098562473815,49.844972654327655
2025-12-15 13:33:35.023476,-0.7717307912919336,49.82988368466808
2025-12-15 13:33:35.033476,0.1726349468579939,49.82756619495736
2025-12-15 13:33:35.043476,0.806945634914517,49.76066108533447
2025-12-15 13:33:35.053476,1.747580985980167,49.81345394121165
2025-12-15 13:33:35.063476,2.158606273918911,49.89845426072092
2025-12-15 13:33:35.073476,2.3823218575492646,49.90656394334983
2025-12-15 13:33:35.083476,2.398743690904383,49.92711919862083
2025-12-15 13:33:35.093476,2.1246761264866594,49.84518112179894
2025-12-15 13:33:35.103476,1.6231947089629444,49.93104712198421
2025-12-15 13:33:35.113476,1.2022953758891857,49.997316364613695
2025-12-15 13:33:35.123476,0.8631010684574203,50.00172971663059
2025-12-15 13:33:35.133476,-0.29710918199647673,50.01150096664574
2025-12-15 13:33:35.143476,-0.956119442390369,49.997728958646654
2025-12-15 13:33:35.153476,-1.3880896269145446,50.02467421949175
2025-12-15 13:33:35.163476,-2.1213355978571125,50.12974061693253
2025-12-15 13:33:35.173476,-2.432818227352274,50.05140293944321
2025-12-15 13:33:35.183476,-2.461536054035934,50.02279671144093
2025-12-15 13:33:35.193476,-2.4176397711852693,50.067160381483355
2025-12-15 13:33:35.203476,-1.646851329944805,50.07705585212956
2025-12-15 13:33:35.213476,-1.1975948941051011,50.083615098027174
2025-12-15 13:33:35.223476,-0.3591903264156963,50.28860448373117
2025-12-15 13:33:35.233476,0.150864443077911,50.180357903948924
2025-12-15 13:33:35.243476,1.3905730595948884,50.30579756375912
2025-12-15 13:33:35.253476,1.9056582271382791,50.169075501986946
2025-12-15 13:33:35.263476,1.8571054797083628,50.28822780310088
2025-12-15 13:33:35.273476,2.812065474065261,50.274832933279775
2025-12-15 13:33:35.283476,2.4630168497333815,50.31008580582291
2025-12-15 13:33:35.293476,2.1905095037235354,50.330114655769044
2025-12-15 13:33:35.303476,2.0164786846722924,50.384671361441946
2025-12-15 13:33:35.313476,1.647335484263642,50.340869241951026
2025-12-15 13:33:35.323476,0.6875966944383896,50.334321531243205
2025-12-15 13:33:35.333476,-0.36606726641106013,50.40150706671074
2025-12-15 13:33:35.343476,-1.2156301642053908,50.50329598511187
2025-12-15 13:33:35.353476,-1.5836270417598062,50.530757155164856
2025-12-15 13:33:35.363476,-1.9590958320065217,50.44009508593973
2025-12-15 13:33:35.373476,-2.353580040364952,50.605676596771
2025-12-15 13:33:35.383476,-2.43920262908893,50.45559333158507
2025-12-15 13:33:35.393476,-2.1308431911793404,50.5949146654709
2025-12-15 13:33:35.403476,-1.7867742176140566,50.48218070706716
2025-12-15 13:33:35.413476,-1.031306781944013,50.52784697992726
2025-12-15 13:33:35.423476,-0.4130170031839551,50.63593931805408
2025-12-15 13:33:35.433476,0.12368861558211539,50.59931706604913
2025-12-15 13:33:35.443476,0.8345067021641877,50.55694210186822
2025-12-15 13:33:35.453476,1.6947865112443679,50.59286667700745
2025-12-15 13:33:35.463476,2.1156207297898506,50.65608273800429
2025-12-15 13:33:35.473476,2.5492690722792566,50.669659921469155
2025-12-15 13:33:35.483476,2.3531461841556696,50.648061531745995
2025-12-15 13:33:35.493476,2.2934075438362864,50.66352997287649
2025-12-15 13:33:35.503476,1.6907300470033095,50.78568562825379
2025-12-15 13:33:35.513476,1.0909096841044557,50.70204592360491
2025-12-15 13:33:35.523476,0.3635195390330581,50.79854907572174
2025-12-15 13:33:35.533476,-0.3279820792563652,50.730550641511186
2025-12-15 13:33:35.543476,-0.7037802349736024,50.855937627740346
2025-12-15 13:33:35.553476,-1.4549951620395147,50.83484091893766
2025-12-15 13:33:35.563476,-1.7982966003163803,50.92831746121136
2025-12-15 13:33:35.573476,-2.564509505847103,50.87393372920689
2025-12-15 13:33:35.583476,-2.518056268472853,50.90107971759157
2025-12-15 13:33:35.593476,-2.7535194306053965,51.021941052444454
2025-12-15 13:33:35.603476,-1.9609515998909863,50.9653158941129
2025-12-15 13:33:35.613476,-1.6562278390241993,51.038049481161615
2025-12-15 13:33:35.623476,-0.8069134841855472,50.95443610770579
2025-12-15 13:33:35.633476,0.1918698191469904,51.07609570475037
2025-12-15 13:33:35.643476,1.1791562858585956,50.95731116120938
2025-12-15 13:33:35.653476,1.168396115794387,51.09520556149962
2025-12-15 13:33:35.663476,2.232163439166253,51.070702685686726
2025-12-15 13:33:35.673476,2.4671181169750906,51.104783556776496
2025-12-15 13:33:35.683476,2.559748714794924,51.13442811954438
2025-12-15 13:33:35.693476,2.1672385567859402,51.107910592398824
2025-12-15 13:33:35.703476,2.164303065788693,51.11528527775194
2025-12-15 13:33:35.713476,1.0958522922044196,51.13382477908441
2025-12-15 13:33:35.723476,0.5140353175441531,51.17838828277391
2025-12-15 13:33:35.733476,-0.26390355752362094,51.229597518808035
2025-12-15 13:33:35.743476,-1.317551603975677,51.28756264399245
2025-12-15 13:33:35.753476,-1.7570904710968656,51.175145220164
2025-12-15 13:33:35.763476,-2.1368390273483744,51.28584116670926
2025-12-15 13:33:35.773476,-2.162558503867412,51.28700414946305
2025-12-15 13:33:35.783476,-2.797779330079663,51.19652892495513
2025-12-15 13:33:35.793476,-2.333175869372454,51.35135132371809
2025-12-15 13:33:35.803476,-1.9672596295337308,51.31471240765688
2025-12-15 13:33:35.813476,-1.454072296502376,51.3159479243956
2025-12-15 13:33:35.823476,-0.7623536838033782,51.360058899625194
2025-12-15 13:33:35.833476,0.2629029012562464,51.43404095503176
2025-12-15 13:33:35.843476,0.7685717495741164,51.5842796470932
2025-12-15 13:33:35.853476,1.7756181376023255,51.516183774992264
2025-12-15 13:33:35.863476,2.456582131056503,51.426518938048076
2025-12-15 13:33:35.873476,2.197461278195262,51.46569630926032
2025-12-15 13:33:35.883476,2.9090262884880493,51.572327679693856
2025-12-15 13:33:35.893476,2.500528622865102,51.50437153551358
2025-12-15 13:33:35.903476,1.8897738816702356,51.59188567193764
2025-12-15 13:33:35.913476,1.179950810425403,51.50842965632887
2025-12-15 13:33:35.923476,0.46911247047097904,51.5748638089119
2025-12-15 13:33:35.933476,-0.20563814668024566,51.614891549663234
2025-12-15 13:33:35.943476,-1.0202036149445288,51.60901411122392
2025-12-15 13:33:35.953476,-1.5630836549619422,51.58972331562622
2025-12-15 13:33:35.963476,-2.2296821825567457,51.621726096556344
2025-12-15 13:33:35.973476,-2.1300979205965764,51.67700055425278
2025-12-15 13:33:35.983476,-2.8123562524068864,51.685723402128126
2025-12-15 13:33:35.993476,-2.3036802577833426,51.75207213968744
2025-12-15 13:33:36.003476,-1.5668450957972375,51.78609178065475
2025-12-15 13:33:36.013476,-1.4506341880147153,51.754021762831144
2025-12-15 13:33:36.023476,-0.5431520719487972,51.76685094100366
2025-12-15 13:33:36.033476,0.1588353226234399,51.81970825878303
2025-12-15 13:33:36.043476,0.8274742120423167,51.81518451479086
2025-12-15 13:33:36.053476,1.5739489274072573,51.91754798127915
2025-12-15 13:33:36.063476,2.354628434084525,51.80573370570627
2025-12-15 13:33:36.073476,2.302635328554091,51.8193403100218
2025-12-15 13:33:36.083476,2.432422297574293,51.99605488542059
2025-12-15 13:33:36.093476,2.5963574015635547,51.9209968913901
2025-12-15 13:33:36.103476,1.73232863478866,51.923359815615825
2025-12-15 13:33:36.113476,1.214917191163275,52.01297644417425
2025-12-15 13:33:36.123476,0.21270780315156296,51.94762580148578
2025-12-15 13:33:36.133476,-0.4013567185037058,52.04591256055419
2025-12-15 13:33:36.143476,-1.0896999223945567,52.01617293778315
2025-12-15 13:33:36.153476,-1.748548946040604,51.98349383966207
2025-12-15 13:33:36.163476,-2.555591910727156,52.041921064361354
2025-12-15 13:33:36.173476,-2.7183318935001077,52.00634367549783
2025-12-15 13:33:36.183476,-2.4307522805143593,52.236250856460465
2025-12-15 13:33:36.193476,-2.3792152746843596,52.13090054604944
2025-12-15 13:33:36.203476,-1.5670650541893911,52.13307754266081
2025-12-15 13:33:36.213476,-1.2942016937538179,52.14758027205072
2025-12-15 13:33:36.223476,-0.5239366138556557,52.158002830680076
2025-12-15 13:33:36.233476,0.18559310114877264,52.089858182322345
2025-12-15 13:33:36.243476,1.4373148713577184,52.24188354195818
2025-12-15 13:33:36.253476,2.1261000765045295,52.23992654488507
2025-12-15 13:33:36.263476,2.065747239757717,52.2285986699183
2025-12-15 13:33:36.273476,2.5429020367458,52.32623202105067
2025-12-15 13:33:36.283476,2.315758364127764,52.303647001892486
2025-12-15 13:33:36.293476,2.3537971947117553,52.220954072729306
2025-12-15 13:33:36.303476,1.6097307811034383,52.33634224286572
2025-12-15 13:33:36.313476,1.4566764019939147,52.32820646336207
2025-12-15 13:33:36.323476,0.5975586626278542,52.442154324136105
2025-12-15 13:33:36.333476,-0.2364881869032231,52.40637305158066
2025-12-15 13:33:36.343476,-0.8387963485652103,52.44345094936101
2025-12-15 13:33:36.353476,-1.8245467155844364,52.35931997978854
2025-12-15 13:33:36.363476,-1.6713259755805723,52.476177802206664
2025-12-15 13:33:36.373476,-2.5153191900969882,52.5158233849313
2025-12-15 13:33:36.383476,-2.215123725157375,52.56814164864951
2025-12-15 13:33:36.393476,-2.4099668780574626,52.45380574627665
2025-12-15 13:33:36.403476,-1.8306550474852576,52.51123289852638
2025-12-15 13:33:36.413476,-1.286310329078555,52.5099449468291
2025-12-15 13:33:36.423476,-0.5459636477310685,52.594777493985426
2025-12-15 13:33:36.433476,-0.02968577529622224,52.614036546203806
2025-12-15 13:33:36.443476,1.0215531987410358,52.70132867765648
2025-12-15 13:33:36.453476,1.4306287791956005,52.624460002899035
2025-12-15 13:33:36.463476,2.4571019491995427,52.688256419369424
2025-12-15 13:33:36.473476,2.4237816887065886,52.75264753797675
2025-12-15 13:33:36.483476,2.3069623545597207,52.59782396704499
2025-12-15 13:33:36.493476,2.5249353033090625,52.708226023072044
2025-12-15 13:33:36.503476,1.8008468706449876,52.80548098882293
2025-12-15 13:33:36.513476,1.2900302571246856,52.71749599497587
2025-12-15 13:33:36.523476,0.8498977029085543,52.815116229320545
2025-12-15 13:33:36.533476,-0.09065465705082243,52.744981753663026
2025-12-15 13:33:36.543476,-1.0707326691314474,52.86696260357538
2025-12-15 13:33:36.553476,-1.7058990001223788,52.855411817393005
2025-12-15 13:33:36.563476,-2.057999040390324,52.794310335776835
2025-12-15 13:33:36.573476,-2.2870849721517974,52.839873124546294
2025-12-15 13:33:36.583476,-2.122481053920346,52.89708038051641
2025-12-15 13:33:36.593476,-2.4891380182885934,52.917365162978115
2025-12-15 13:33:36.603476,-1.8111845624829168,52.92591042908304
2025-12-15 13:33:36.613476,-1.2239689379302692,52.87910313868098
2025-12-15 13:33:36.623476,-0.5908793996291521,52.990006047082815
2025-12-15 13:33:36.633476,0.3958828764651875,52.94544328421129
2025-12-15 13:33:36.643476,1.5792846671338006,53.056420505535996
2025-12-15 13:33:36.653476,1.93901280041776,53.039676975154705
2025-12-15 13:33:36.663476,2.6533407051780005,53.051145696477604
2025-12-15 13:33:36.673476,2.5797451374880573,53.071163813159224
2025-12-15 13:33:36.683476,2.597302061125453,53.15036552168422
2025-12-15 13:33:36.693476,2.0770410565916033,53.1131209292212
2025-12-15 13:33:36.703476,1.7608087205594358,53.11526443784259
2025-12-15 13:33:36.713476,1.1468668336229508,53.12216424267331
2025-12-15 13:33:36.723476,0.4912083365423356,53.207206250926575
2025-12-15 13:33:36.733476,-0.8499598597688961,53.249410141154385
2025-12-15 13:33:36.743476,-1.0558670185099348,53.20947492596545
2025-12-15 13:33:36.753476,-1.6493319382238014,53.19479651008272
2025-12-15 13:33:36.763476,-1.965968732317037,53.297566952817355
2025-12-15 13:33:36.773476,-2.577772970014987,53.29319145801904
2025-12-15 13:33:36.783476,-2.635998253088765,53.208199486828995
2025-12-15 13:33:36.793476,-2.321868367461651,53.36166612204854
2025-12-15 13:33:36.803476,-1.9326054107683903,53.284114439204686
2025-12-15 13:33:36.813476,-1.2685705032572565,53.368965701533384
2025-12-15 13:33:36.823476,-0.6540185610594346,53.3456528206493
2025-12-15 13:33:36.833476,0.6069939778688583,53.39834468599469
2025-12-15 13:33:36.843476,1.3942901205195835,53.414803774899646
2025-12-15 13:33:36.853476,1.8733248465057506,53.50622681107433
2025-12-15 13:33:36.863476,2.140579255251447,53.52285704515039
2025-12-15 13:33:36.873476,2.3651234701622625,53.50541623051763
2025-12-15 13:33:36.883476,2.5654720796092594,53.59310764755312
2025-12-15 13:33:36.893476,2.02376543166673,53.4934485559064
2025-12-15 13:33:36.903476,1.7548065532843264,53.50419614685718
2025-12-15 13:33:36.913476,1.2291877092659633,53.61446641193191
2025-12-15 13:33:36.923476,0.234800454269038,53.607591326160296
2025-12-15 13:33:36.933476,-0.5648844686555895,53.564084272724486
2025-12-15 13:33:36.943476,-1.0424562488132683,53.59843510497494
2025-12-15 13:33:36.953476,-1.7874964042837764,53.73266657525914
2025-12-15 13:33:36.963476,-2.471726582726662,53.59552688514936
2025-12-15 13:33:36.973476,-2.5193755781117204,53.67247578154618
2025-12-15 13:33:36.983476,-2.391448189292307,53.67698870477124
2025-12-15 13:33:36.993476,-2.0873700917506115,53.732737863055235
2025-12-15 13:33:37.003476,-1.6777859395361934,53.72930482441276
2025-12-15 13:33:37.013476,-1.3104740781050612,53.7893076873317
2025-12-15 13:33:37.023476,-0.4341524555227581,53.728151970076006
2025-12-15 13:33:37.033476,0.6832560908660008,53.836664035982864
2025-12-15 13:33:37.043476,0.8133820182875648,53.87513465789212
2025-12-15 13:33:37.053476,1.7662138163793677,53.963791613573264
2025-12-15 13:33:37.063476,2.3546080299433716,53.871310343715336
2025-12-15 13:33:37.073476,2.2851552704356255,53.79127382856854
2025-12-15 13:33:37.083476,2.213724322031495,54.00659283285639
2025-12-15 13:33:37.093476,2.1082729297115246,53.90183904940243
2025-12-15 13:33:37.103476,1.556851975449661,53.989054993143576
2025-12-15 13:33:37.113476,0.953698247263939,53.92302177600296
2025-12-15 13:33:37.123476,0.2403140384272197,54.086545926435875
2025-12-15 13:33:37.133476,-0.18195782902920207,53.90417401930589
2025-12-15 13:33:37.143476,-1.2786347576299475,54.11811818735873
2025-12-15 13:33:37.153476,-2.019823041039177,53.98656780790664
2025-12-15 13:33:37.163476,-2.369369907153801,54.10387711866319
2025-12-15 13:33:37.173476,-2.504605384391551,54.01206871421809
2025-12-15 13:33:37.183476,-2.5096744000719617,54.17055857396912
2025-12-15 13:33:37.193476,-2.1603175835748116,54.1265336895142
2025-12-15 13:33:37.203476,-1.8367596268364337,54.145894187993306
2025-12-15 13:33:37.213476,-0.8036884276868566,54.15173069302971
2025-12-15 13:33:37.223476,-0.3712815835921277,54.18182629357584
2025-12-15 13:33:37.233476,0.5731560051104027,54.17716634256356
2025-12-15 13:33:37.243476,0.9918498136143219,54.22294983814709
2025-12-15 13:33:37.253476,1.728740182908088,54.2908612286812
2025-12-15 13:33:37.263476,1.9551577936356168,54.24912481810895
2025-12-15 13:33:37.273476,2.4909588254995656,54.21795837482704
2025-12-15 13:33:37.283476,2.308039289939592,54.30272456413409
2025-12-15 13:33:37.293476,2.239213857817208,54.212333896867534
2025-12-15 13:33:37.303476,1.8329750757311374,54.329793758586774
2025-12-15 13:33:37.313476,0.7839360696020388,54.37573749433017
2025-12-15 13:33:37.323476,0.009900438419510937,54.40436005104293
2025-12-15 13:33:37.333476,-0.3959957025709827,54.2886969784304
2025-12-15 13:33:37.343476,-1.1923402225396111,54.427578987226696
2025-12-15 13:33:37.353476,-1.6077326784453325,54.49106990754209
2025-12-15 13:33:37.363476,-1.9835304411483934,54.564508271641536
2025-12-15 13:33:37.373476,-2.5017675451857007,54.4081687642894
2025-12-15 13:33:37.383476,-2.382795073632946,54.46508222797785
2025-12-15 13:33:37.393476,-2.0943530962502606,54.48753060291531
2025-12-15 13:33:37.403476,-1.7035133750953186,54.572677605049485
2025-12-15 13:33:37.413476,-0.8842357088186852,54.56955970852738
2025-12-15 13:33:37.423476,-0.3290479485229312,54.61115725630965
2025-12-15 13:33:37.433476,0.43944968853545113,54.62860981930284
2025-12-15 13:33:37.443476,1.4845949030619128,54.55007866007519
2025-12-15 13:33:37.453476,1.6121194565290349,54.65518995557172
2025-12-15 13:33:37.463476,2.3207436796390577,54.6174178685408
2025-12-15 13:33:37.473476,2.6230923387491383,54.67594717018045
2025-12-15 13:33:37.483476,2.377375920175378,54.82716325415206
2025-12-15 13:33:37.493476,2.6751784337415625,54.64594135526789
2025-12-15 13:33:37.503476,1.8928996012375952,54.683267281921275
2025-12-15 13:33:37.513476,1.0659397929849366,54.78198014386506
2025-12-15 13:33:37.523476,0.4709143728990081,54.82210511947254
2025-12-15 13:33:37.533476,-0.617085521415278,54.919281812630345
2025-12-15 13:33:37.543476,-1.1598446531433058,54.76382420851872
2025-12-15 13:33:37.553476,-1.8157233364399192,54.894002236403395
2025-12-15 13:33:37.563476,-2.4637633099369474,54.82370772802393
2025-12-15 13:33:37.573476,-2.650217509045639,54.93987230869176
2025-12-15 13:33:37.583476,-2.7344329135864323,54.881890164296614
2025-12-15 13:33:37.593476,-2.1028660917727837,54.93443918616687
2025-12-15 13:33:37.603476,-1.4801005457369907,54.950578048010165
2025-12-15 13:33:37.613476,-0.8413684502342977,54.91822308235881
2025-12-15 13:33:37.623476,-0.34866074054155144,55.01733007577726
2025-12-15 13:33:37.633476,0.41279096087089096,54.93781135524557
2025-12-15 13:33:37.643476,1.1424009550437306,55.03028077445572
2025-12-15 13:33:37.653476,1.628687355400348,54.962684229325276
2025-12-15 13:33:37.663476,1.9201015732191407,55.126297047082225
2025-12-15 13:33:37.673476,2.277541858839775,55.2076978899888
2025-12-15 13:33:37.683476,2.715499627686979,55.15392526957507
2025-12-15 13:33:37.693476,2.3472780383645264,55.12925723314708
2025-12-15 13:33:37.703476,1.7127219601639214,55.16073950830579
2025-12-15 13:33:37.713476,1.0638696259261124,55.16540996087986
2025-12-15 13:33:37.723476,0.38084278399889054,55.22560009905287
2025-12-15 13:33:37.733476,-0.1875510461007908,55.25258236825472
2025-12-15 13:33:37.743476,-1.2453336319718384,55.26451748069081
2025-12-15 13:33:37.753476,-2.2705282285295967,55.24138510118628
2025-12-15 13:33:37.763476,-2.322875277979574,55.28929722704271
2025-12-15 13:33:37.773476,-2.5777022514838692,55.252058855889906
2025-12-15 13:33:37.783476,-2.569170971193678,55.36175292990087
2025-12-15 13:33:37.793476,-2.4676781176422895,55.36794415603099
2025-12-15 13:33:37.803476,-1.600711136554296,55.37654695380094
2025-12-15 13:33:37.813476,-1.0108098250925903,55.343952517749294
2025-12-15 13:33:37.823476,-0.6704300114137591,55.31505221808307
2025-12-15 13:33:37.833476,0.2385615341455861,55.410881076438365
2025-12-15 13:33:37.843476,0.8197268109067299,55.47985435215235
2025-12-15 13:33:37.853476,1.6299648241696358,55.481809431532625
2025-12-15 13:33:37.863476,2.5114985826553213,55.47341754028036
2025-12-15 13:33:37.873476,2.599444031690602,55.45413846917399
2025-12-15 13:33:37.883476,2.5040880669640604,55.46404636774198
2025-12-15 13:33:37.893476,2.4522618824250473,55.531422018248946
2025-12-15 13:33:37.903476,1.5319079502175947,55.527021754965205
2025-12-15 13:33:37.913476,0.9961295860875448,55.58700743044998
2025-12-15 13:33:37.923476,0.3763871526682367,55.67720276424299
2025-12-15 13:33:37.933476,-0.18196907286051936,55.64559112034404
2025-12-15 13:33:37.943476,-1.4777385719362042,55.709146449603445
2025-12-15 13:33:37.953476,-1.512373931011566,55.704933561810435
2025-12-15 13:33:37.963476,-1.8826266913561547,55.67659010473214
2025-12-15 13:33:37.973476,-2.460864430189139,55.66882376506604
2025-12-15 13:33:37.983476,-2.671884452916915,55.7984351162012
2025-12-15 13:33:37.993476,-2.387507567035574,55.79623010280897
2025-12-15 13:33:38.003476,-2.001984966259295,55.758547487715695
2025-12-15 13:33:38.013476,-1.3128091795127987,55.708368824284435
2025-12-15 13:33:38.023476,-0.051285753916411825,55.793074037517684
2025-12-15 13:33:38.033476,0.1442876393081049,55.85631920412106
2025-12-15 13:33:38.043476,1.2765301244461815,55.832755961851
2025-12-15 13:33:38.053476,1.7328266272778854,55.84585677138119
2025-12-15 13:33:38.063476,2.4962656058242234,55.78024996064255
2025-12-15 13:33:38.073476,2.4310072975569774,55.859492847029465
2025-12-15 13:33:38.083476,2.2519288615119155,55.95751075000432
2025-12-15 13:33:38.093476,2.3234718661793208,55.86270816500219
2025-12-15 13:33:38.103476,1.9279579970487217,55.98184090075026
2025-12-15 13:33:38.113476,1.1709130970130839,55.96372709652319
2025-12-15 13:33:38.123476,0.03776010230961668,56.07895342046869
2025-12-15 13:33:38.133476,-0.29646394134836623,55.94268775781391
2025-12-15 13:33:38.143476,-1.0447024810657928,56.16738796201263
2025-12-15 13:33:38.153476,-1.8423782517716987,56.11907198914798
2025-12-15 13:33:38.163476,-2.4867085868376115,56.04417682323056
2025-12-15 13:33:38.173476,-2.406929574886789,56.07356316011327
2025-12-15 13:33:38.183476,-2.4229654285520605,56.09397302104671
2025-12-15 13:33:38.193476,-2.254450909802886,56.039119736610985
2025-12-15 13:33:38.203476,-1.8208343159435791,56.11174218834888
2025-12-15 13:33:38.213476,-0.8460913058915834,56.137592480942295
2025-12-15 13:33:38.223476,-0.25503445049113205,56.108210745741715
2025-12-15 13:33:38.233476,0.5258321254639959,56.178932580848226
2025-12-15 13:33:38.243476,0.9470322854476104,56.161229067782365
2025-12-15 13:33:38.253476,1.8475474408049657,56.28920242294044
2025-12-15 13:33:38.263476,1.9973066434904925,56.35524618062291
2025-12-15 13:33:38.273476,1.9935960601986666,56.2797462660612
2025-12-15 13:33:38.283476,2.597173348567799,56.298430956694894
2025-12-15 13:33:38.293476,2.1576569025750105,56.302338852867685
2025-12-15 13:33:38.303476,1.6228427027420784,56.46042466758476
2025-12-15 13:33:38.313476,1.180217132668413,56.31132224686546
2025-12-15 13:33:38.323476,0.6226474641755817,56.3379103480145
2025-12-15 13:33:38.333476,-0.4228000705464443,56.348642255265844
2025-12-15 13:33:38.343476,-1.2828396980471333,56.42503672312159
2025-12-15 13:33:38.353476,-2.053559490005557,56.4302183447383
2025-12-15 13:33:38.363476,-2.3420110415884627,56.43787379131904
2025-12-15 13:33:38.373476,-2.504468908189272,56.496038712430995
2025-12-15 13:33:38.383476,-2.0458755183496833,56.5483368166761
2025-12-15 13:33:38.393476,-2.354636937142792,56.51614860860915
2025-12-15 13:33:38.403476,-1.720864617316191,56.584686888299395
2025-12-15 13:33:38.413476,-0.8241327763171524,56.615534810601865
2025-12-15 13:33:38.423476,-0.2956516588446289,56.603905584017674
2025-12-15 13:33:38.433476,0.29624842299728593,56.617181566371286
2025-12-15 13:33:38.443476,1.3925239322526382,56.56885400187367
2025-12-15 13:33:38.453476,1.7703278862935221,56.757058621060835
2025-12-15 13:33:38.463476,2.03921899957181,56.613092570087936
2025-12-15 13:33:38.473476,2.2371839977684207,56.645646147837255
2025-12-15 13:33:38.483476,2.4451699889117084,56.74855563482449
2025-12-15 13:33:38.493476,1.8608436858476718,56.71955785081312
2025-12-15 13:33:38.503476,1.7512232068085263,56.78258400253288
2025-12-15 13:33:38.513476,0.7454551809978602,56.77516161930493
2025-12-15 13:33:38.523476,0.19267028610391704,56.7711509012731
2025-12-15 13:33:38.533476,-0.3438120507663587,56.80468554852731
2025-12-15 13:33:38.543476,-0.8847270444564945,56.86533626922273
2025-12-15 13:33:38.553476,-2.053651048790246,56.93330994972041
2025-12-15 13:33:38.563476,-1.977925732436862,56.763192963365945
2025-12-15 13:33:38.573476,-2.335477478256063,56.93005764243409
2025-12-15 13:33:38.583476,-2.4031025552277065,56.9244552270069
2025-12-15 13:33:38.593476,-2.16171876589892,56.79608358729865
2025-12-15 13:33:38.603476,-1.6767733633145032,57.01728280675742
2025-12-15 13:33:38.613476,-1.1722356014945328,56.868164595734804
2025-12-15 13:33:38.623476,-0.20161931053700238,57.01126599179266
2025-12-15 13:33:38.633476,0.47288963537676626,56.98197358841195
2025-12-15 13:33:38.643476,1.159767184128501,57.02119081426657
2025-12-15 13:33:38.653476,1.594715935389269,57.11079731617415
2025-12-15 13:33:38.663476,2.4210017981572625,57.0814882956926
2025-12-15 13:33:38.673476,2.346334565326444,57.08820108280106
2025-12-15 13:33:38.683476,2.516379323495657,57.08854448758349
2025-12-15 13:33:38.693476,2.1164909620506775,57.07892619725913
2025-12-15 13:33:38.703476,1.791169922269372,57.13760559240547
2025-12-15 13:33:38.713476,1.0614556674032587,57.20529677273598
2025-12-15 13:33:38.723476,0.32147094453488956,57.18252275427835
2025-12-15 13:33:38.733476,-0.509520091283361,57.1670508756403
2025-12-15 13:33:38.743476,-1.0860565869562075,57.130954177464325
2025-12-15 13:33:38.753476,-1.7543411344730055,57.293178484616824
2025-12-15 13:33:38.763476,-2.063729025516806,57.241274242522145
2025-12-15 13:33:38.773476,-2.9233770214194603,57.26162204794452
2025-12-15 13:33:38.783476,-2.213586999321121,57.328351121791506
2025-12-15 13:33:38.793476,-2.533852472554373,57.344088403038434
2025-12-15 13:33:38.803476,-1.86392271556773,57.325955039110106
2025-12-15 13:33:38.813476,-1.0884798241758633,57.36551736236687
2025-12-15 13:33:38.823476,-0.43299471599077854,57.37001618738408
2025-12-15 13:33:38.833476,0.28779235909560275,57.35454436437964
2025-12-15 13:33:38.843476,0.9928313321338436,57.43292937842132
2025-12-15 13:33:38.853476,1.9140253606013187,57.49559234944364
2025-12-15 13:33:38.863476,2.163789673084782,57.458165911825475
2025-12-15 13:33:38.873476,2.615897385221873,57.636258327923464
2025-12-15 13:33:38.883476,2.3429975849969935,57.53545737563594
2025-12-15 13:33:38.893476,2.418988205317291,57.526758540298246
2025-12-15 13:33:38.903476,1.7073229353877184,57.477026363872014
2025-12-15 13:33:38.913476,1.0806527682468605,57.52105864743106
2025-12-15 13:33:38.923476,-0.11274667720946668,57.67090537980521
2025-12-15 13:33:38.933476,-0.2502498777154865,57.67141987059129
2025-12-15 13:33:38.943476,-0.9773346888806101,57.66727807283817
2025-12-15 13:33:38.953476,-2.0143683008583078,57.67676489421998
2025-12-15 13:33:38.963476,-2.0351224061149153,57.70543306634039
2025-12-15 13:33:38.973476,-2.0361137744634163,57.63532309310516
2025-12-15 13:33:38.983476,-2.587052623495377,57.69992899462856
2025-12-15 13:33:38.993476,-2.014908119659519,57.89922741355053
2025-12-15 13:33:39.003476,-1.6016948983382482,57.74127684054984
2025-12-15 13:33:39.013476,-0.845669232167969,57.76421221844291
2025-12-15 13:33:39.023476,-0.2855055745344194,57.77680894526416
2025-12-15 13:33:39.033476,0.5853249506793387,57.764198566976106
2025-12-15 13:33:39.043476,1.4473833248821828,57.8952786437352
2025-12-15 13:33:39.053476,2.095461631023723,57.82098289233775
2025-12-15 13:33:39.063476,2.5476668970342864,57.91178368235485
2025-12-15 13:33:39.073476,2.316886792532063,57.895976724721336
2025-12-15 13:33:39.083476,2.685004727700421,57.9940714986948
2025-12-15 13:33:39.093476,2.172024865899225,57.94488444514757
2025-12-15 13:33:39.103476,1.598738629994396,57.969958719333846
2025-12-15 13:33:39.113476,0.9448206737568497,58.01681411815451
2025-12-15 13:33:39.123476,-0.12195494399296714,58.01629589768329
2025-12-15 13:33:39.133476,-0.768764681405017,58.05965768231618
2025-12-15 13:33:39.143476,-1.3119553663278165,58.044756976729644
2025-12-15 13:33:39.153476,-1.8423309845676286,58.00660260952045
2025-12-15 13:33:39.163476,-2.205655785014291,58.04145140607143
2025-12-15 13:33:39.173476,-2.250104523030612,58.09027239999733
2025-12-15 13:33:39.183476,-2.165599823894582,58.16100787589712
2025-12-15 13:33:39.193476,-2.336733434146297,58.140413616308116
2025-12-15 13:33:39.203476,-1.5109659387733823,58.10771321879176
2025-12-15 13:33:39.213476,-1.145474749863532,58.309509595795475
2025-12-15 13:33:39.223476,-0.2907465968992742,58.08212066817057
2025-12-15 13:33:39.233476,0.5532871952241604,58.2750412169381
2025-12-15 13:33:39.243476,1.2830632035744853,58.26763678578258
2025-12-15 13:33:39.253476,1.772160229115461,58.177448677233
2025-12-15 13:33:39.263476,2.3874655016636015,58.25533757898147
2025-12-15 13:33:39.273476,2.8774566522814977,58.315228855546664
2025-12-15 13:33:39.283476,2.7043120114343075,58.34270835382889
2025-12-15 13:33:39.293476,2.0934829386828886,58.27765435422306
2025-12-15 13:33:39.303476,1.741817959800331,58.33496843963289
2025-12-15 13:33:39.313476,0.8317815741934931,58.40847336807426
2025-12-15 13:33:39.323476,0.12249994862915625,58.42870517921597
2025-12-15 13:33:39.333476,-0.46339212128409896,58.512457963820125
2025-12-15 13:33:39.343476,-1.1271099025617775,58.298790063573385
2025-12-15 13:33:39.353476,-2.0831472770482353,58.40966403000295
2025-12-15 13:33:39.363476,-2.1835091436278233,58.503506509203596
2025-12-15 13:33:39.373476,-2.4586431420629657,58.49527884732106
2025-12-15 13:33:39.383476,-2.582007340882703,58.60053358928056
2025-12-15 13:33:39.393476,-2.1883865568184073,58.51884165773705
2025-12-15 13:33:39.403476,-1.4447116379760656,58.504873735064656
2025-12-15 13:33:39.413476,-1.033943718369699,58.57029464259685
2025-12-15 13:33:39.423476,-0.03073971739246406,58.64379523994791
2025-12-15 13:33:39.433476,0.5049956082761958,58.63492266213618
2025-12-15 13:33:39.443476,1.0239958895426,58.555629790832356
2025-12-15 13:33:39.453476,1.9713555097086082,58.78836184751879
2025-12-15 13:33:39.463476,2.2774361940706465,58.74628342667941
2025-12-15 13:33:39.473476,2.6338223317578855,58.61563918914021
2025-12-15 13:33:39.483476,2.5704235469203978,58.6799226259393
2025-12-15 13:33:39.493476,2.271025577463343,58.810444518738315
2025-12-15 13:33:39.503476,1.6693042048828879,58.74935408962145
2025-12-15 13:33:39.513476,1.302319324466994,58.735873277625025
2025-12-15 13:33:39.523476,0.27862236848782973,58.808655454787804
2025-12-15 13:33:39.533476,-0.41395052918054404,58.851017369611945
2025-12-15 13:33:39.543476,-1.2849172122153358,58.90887561958017
2025-12-15 13:33:39.553476,-1.7191278910852885,58.9020729031593
2025-12-15 13:33:39.563476,-2.071146574652316,58.86313143356024
2025-12-15 13:33:39.573476,-2.1011921034332803,58.900926976315894
2025-12-15 13:33:39.583476,-2.29751553023641,58.81838251080086
2025-12-15 13:33:39.593476,-2.250146736640921,58.94477128658956
2025-12-15 13:33:39.603476,-1.956907624201424,58.93735647079251
2025-12-15 13:33:39.613476,-1.0910660064074875,58.92664610780373
2025-12-15 13:33:39.623476,-0.14274627358126754,59.004966687465874
2025-12-15 13:33:39.633476,0.13048445981597262,58.99673125520918
2025-12-15 13:33:39.643476,1.408631214071366,59.07302350829237
2025-12-15 13:33:39.653476,1.9355164966006269,59.026457507347985
2025-12-15 13:33:39.663476,2.237603926087176,59.01999637938749
2025-12-15 13:33:39.673476,2.6194851854522985,59.13647932480981
2025-12-15 13:33:39.683476,2.6116617465700678,59.13009943498109
2025-12-15 13:33:39.693476,2.2381695428290294,59.14654078707344
2025-12-15 13:33:39.703476,1.4337393896355513,59.20553017796432
2025-12-15 13:33:39.713476,1.2296882616264109,59.1469863276744
2025-12-15 13:33:39.723476,0.4558474378443065,59.19720555691756
2025-12-15 13:33:39.733476,-0.5784050587714593,59.16365599880558
2025-12-15 13:33:39.743476,-1.109360115961257,59.20697799433698
2025-12-15 13:33:39.753476,-1.791564149569608,59.25483154666096
2025-12-15 13:33:39.763476,-2.24616000728394,59.23865542220161
2025-12-15 13:33:39.773476,-2.64640301872953,59.25706313837213
2025-12-15 13:33:39.783476,-2.552080000671372,59.273168938948054
2025-12-15 13:33:39.793476,-1.8969269741009216,59.28516108021161
2025-12-15 13:33:39.803476,-1.6676848621747855,59.39543982260785
2025-12-15 13:33:39.813476,-0.6591834009306139,59.37265302259962
2025-12-15 13:33:39.823476,-0.10179814703387041,59.376404399630445
2025-12-15 13:33:39.833476,0.6187790412855878,59.40232649537121
2025-12-15 13:33:39.843476,1.2623449037515055,59.5330384011075
2025-12-15 13:33:39.853476,1.5120774140424884,59.52845091282054
2025-12-15 13:33:39.863476,2.1037441300076107,59.54932668169876
2025-12-15 13:33:39.873476,1.8910328313757312,59.478250936560606
2025-12-15 13:33:39.883476,2.279360142516982,59.49340388284974
2025-12-15 13:33:39.893476,2.1663555950382443,59.58550197046971
2025-12-15 13:33:39.903476,1.7004507325047291,59.56230251174163
2025-12-15 13:33:39.913476,0.9941184266243733,59.557957248509915
2025-12-15 13:33:39.923476,0.4401786782042178,59.58163496286044
2025-12-15 13:33:39.933476,-0.17439038043073324,59.73592951011153
2025-12-15 13:33:39.943476,-1.138926065239681,59.66170607383455
2025-12-15 13:33:39.953476,-1.9675322027730178,59.69216890066149
2025-12-15 13:33:39.963476,-2.3640285765583426,59.68721002500742
2025-12-15 13:33:39.973476,-2.4813115740426905,59.65729297618707
2025-12-15 13:33:39.983476,-2.5979062180259938,59.70074010550277
2025-12-15 13:33:39.993476,-1.8580584619635685,59.73670624398964
2025-12-15 13:33:40.003476,-1.3278276020171917,59.71887850506377
2025-12-15 13:33:40.013476,-1.1916001768658817,59.744911982418905
2025-12-15 13:33:40.023476,0.047142601972619685,59.85675837747541
2025-12-15 13:33:40.033476,0.4581618301246092,59.779736398006975
2025-12-15 13:33:40.043476,1.2172894535881313,59.858642031337126
2025-12-15 13:33:40.053476,2.1682864470970027,59.83576626337249
2025-12-15 13:33:40.063476,1.8409766131211165,59.9006606987724
2025-12-15 13:33:40.073476,2.7344716919578707,59.79863242246159
2025-12-15 13:33:40.083476,2.358714636947158,59.86720470068536
2025-12-15 13:33:40.093476,1.9001607437670558,59.91114517874041
2025-12-15 13:33:40.103476,2.0845479492358527,59.97798250422757
2025-12-15 13:33:40.113476,0.9195573674502181,59.91613350371338
2025-12-15 13:33:40.123476,0.006657838077599676,60.077299264332574
2025-12-15 13:33:40.133476,-0.557302800154818,60.04322377693756
2025-12-15 13:33:40.143476,-1.3565363129408867,59.994184597939956
2025-12-15 13:33:40.153476,-1.6179777013924175,60.1031469472208
2025-12-15 13:33:40.163476,-2.479336489174598,60.11467977547767
2025-12-15 13:33:40.173476,-2.284124309193537,60.06611762554674
2025-12-15 13:33:40.183476,-2.220011132982088,60.07482224523968
2025-12-15 13:33:40.193476,-2.1209145566766985,60.134218051287526
2025-12-15 13:33:40.203476,-1.4040678001877773,60.22232353986931
2025-12-15 13:33:40.213476,-0.7293611854906508,60.122184178318676
2025-12-15 13:33:40.223476,-0.23136306792261757,60.213716059440394
2025-12-15 13:33:40.233476,0.38629532188492466,60.219420846600805
2025-12-15 13:33:40.243476,1.1520678659858175,60.27701716706723
2025-12-15 13:33:40.253476,1.8114850928015014,60.257339396304644
2025-12-15 13:33:40.263476,2.044739833853007,60.29466228272078
2025-12-15 13:33:40.273476,2.105225488963013,60.33058632805556
2025-12-15 13:33:40.283476,2.953763933307691,60.33161790094082
2025-12-15 13:33:40.293476,2.137289629829137,60.29234593716151
2025-12-15 13:33:40.303476,1.4073804925145599,60.35564112940773
2025-12-15 13:33:40.313476,1.2580085861886794,60.40577330901976
2025-12-15 13:33:40.323476,0.04418330732696624,60.44017425584427
2025-12-15 13:33:40.333476,-0.5419352953048949,60.44911856770603
2025-12-15 13:33:40.343476,-1.3324089178196727,60.36473586530679
2025-12-15 13:33:40.353476,-2.0813954252968796,60.47525900832391
2025-12-15 13:33:40.363476,-2.4063560362186425,60.51320097842066
2025-12-15 13:33:40.373476,-2.3193701141880454,60.54277291615926
2025-12-15 13:33:40.383476,-2.44147424451745,60.40061908167033
2025-12-15 13:33:40.393476,-2.1550344775971193,60.52731239124956
2025-12-15 13:33:40.403476,-1.4762124643576529,60.61043208366509
2025-12-15 13:33:40.413476,-0.9750575424918047,60.55213693535569
2025-12-15 13:33:40.423476,-0.18168103847455916,60.590767379505415
2025-12-15 13:33:40.433476,0.9238982912544754,60.67045658296239
2025-12-15 13:33:40.443476,1.1476179783286622,60.475411304338174
2025-12-15 13:33:40.453476,2.1685526197502742,60.68885614443162
2025-12-15 13:33:40.463476,2.000398046845299,60.617325930993175
2025-12-15 13:33:40.473476,2.150263360363015,60.75695505678133
2025-12-15 13:33:40.483476,2.5519782994913935,60.61424099331208
2025-12-15 13:33:40.493476,2.381339591265638,60.748932694732964
2025-12-15 13:33:40.503476,2.1380294269261553,60.69876155041972
2025-12-15 13:33:40.513476,1.268579010258136,60.73747684419232
2025-12-15 13:33:40.523476,0.31436337137929904,60.77184692281274
2025-12-15 13:33:40.533476,-0.398115881144389,60.868330086029914
2025-12-15 13:33:40.543476,-1.3280133710848652,60.8583055107764
2025-12-15 13:33:40.553476,-1.6219958628765792,60.91605714072537
2025-12-15 13:33:40.563476,-2.1541131818877,60.8794050195542
2025-12-15 13:33:40.573476,-2.100939570617651,60.91310970451077
2025-12-15 13:33:40.583476,-1.9877604658446506,60.83880142992505
2025-12-15 13:33:40.593476,-2.288969505882472,60.987768376844635
2025-12-15 13:33:40.603476,-1.6870795021110665,61.00113812807639
2025-12-15 13:33:40.613476,-0.7858907874733574,60.88754658782932
2025-12-15 13:33:40.623476,-0.2350166183218357,61.029534457112355
2025-12-15 13:33:40.633476,0.5391545186449518,60.95032956302976
2025-12-15 13:33:40.643476,1.2877789274120892,61.085262524104614
2025-12-15 13:33:40.653476,1.8807925536355008,61.01707590891146
2025-12-15 13:33:40.663476,2.181342873493649,61.08418295965769
2025-12-15 13:33:40.673476,2.805411405064655,61.10424604082022
2025-12-15 13:33:40.683476,2.3383955072803344,61.0512692336085
2025-12-15 13:33:40.693476,2.158592892418235,61.149291705192354
2025-12-15 13:33:40.703476,1.526667444681035,61.06278791688533
2025-12-15 13:33:40.713476,1.124447459759257,61.18053951076071
2025-12-15 13:33:40.723476,0.05245436874711637,61.220735121197784
2025-12-15 13:33:40.733476,-0.5056369674644661,61.13588208878356
2025-12-15 13:33:40.743476,-1.1106111720293645,61.191070763877384
2025-12-15 13:33:40.753476,-1.6566680489707328,61.310701344145485
2025-12-15 13:33:40.763476,-2.4217078671898165,61.3033258350835
2025-12-15 13:33:40.773476,-2.4740137684375054,61.35800062637889
2025-12-15 13:33:40.783476,-2.6903755053239524,61.32651799934295
2025-12-15 13:33:40.793476,-1.9633108959440386,61.34724913211275
2025-12-15 13:33:40.803476,-1.891102000619868,61.30765499408012
2025-12-15 13:33:40.813476,-0.9951487593534291,61.475819410187725
2025-12-15 13:33:40.823476,-0.1399892552632969,61.43337865932551
2025-12-15 13:33:40.833476,0.4753316905377333,61.4305366413458
2025-12-15 13:33:40.843476,1.1788442643680075,61.44699212111205
2025-12-15 13:33:40.853476,1.9813298238665473,61.428928491910355
2025-12-15 13:33:40.863476,2.086577109883933,61.52189886600745
2025-12-15 13:33:40.873476,2.2661664804524353,61.50260173285679
2025-12-15 13:33:40.883476,2.729531057387064,61.509940687757634
2025-12-15 13:33:40.893476,2.314966018478726,61.50844709056746
2025-12-15 13:33:40.903476,1.39513393724901,61.63338429913174
2025-12-15 13:33:40.913476,1.1967158130029742,61.494694039723676
2025-12-15 13:33:40.923476,0.12810000638523597,61.62924757962013
2025-12-15 13:33:40.933476,-0.5309539563465719,61.62833288406158
2025-12-15 13:33:40.943476,-1.455736441464922,61.616399706957864
2025-12-15 13:33:40.953476,-2.238992780768816,61.6947572347716
2025-12-15 13:33:40.963476,-2.6144610907416537,61.73716841841883
2025-12-15 13:33:40.973476,-2.2316370158478134,61.59379709920532
2025-12-15 13:33:40.983476,-2.252619227533355,61.75580891477683
2025-12-15 13:33:40.993476,-1.788077310278593,61.632906782609304
2025-12-15 13:33:41.003476,-1.4726186459209736,61.729526232675795
2025-12-15 13:33:41.013476,-1.1318755385594972,61.735677505093385
2025-12-15 13:33:41.023476,-0.19128086959183027,61.75334321909174
2025-12-15 13:33:41.033476,0.5866840231961779,61.83170787114004
2025-12-15 13:33:41.043476,1.4104494110079517,61.911078823990536
2025-12-15 13:33:41.053476,1.9279909725319546,61.901892812634166
2025-12-15 13:33:41.063476,2.2283067259899934,61.77299553693564
2025-12-15 13:33:41.073476,2.457571688373503,61.8466486130092
2025-12-15 13:33:41.083476,2.47469524334403,61.961755104578344
2025-12-15 13:33:41.093476,2.2293693296790322,61.8954530483017
2025-12-15 13:33:41.103476,1.7677020076272913,61.91620365785078
2025-12-15 13:33:41.113476,0.9032970139747466,61.93370124469847
2025-12-15 13:33:41.123476,0.1266807433730562,62.03257069346622
2025-12-15 13:33:41.133476,-0.38890054347098013,62.049422836428064
2025-12-15 13:33:41.143476,-1.0377802651824757,62.01964586853233
2025-12-15 13:33:41.153476,-1.8332705278230383,62.05251012416132
2025-12-15 13:33:41.163476,-2.5494398464934287,62.148498506516646
2025-12-15 13:33:41.173476,-2.452476044869265,62.09110687592927
2025-12-15 13:33:41.183476,-2.6019838318604056,62.14438728043393
2025-12-15 13:33:41.193476,-1.9496875031638905,62.087370890794446
2025-12-15 13:33:41.203476,-1.9471540476783034,62.225656103035455
2025-12-15 13:33:41.213476,-1.0342149238539464,62.15879413057586
2025-12-15 13:33:41.223476,-0.19042094600480436,62.134908760134024
2025-12-15 13:33:41.233476,0.8199228175268461,62.20477285790552
2025-12-15 13:33:41.243476,1.3910429873438455,62.18387398940999
2025-12-15 13:33:41.253476,1.7306835851236904,62.26557711084627
2025-12-15 13:33:41.263476,2.506105794215925,62.248446547579256
2025-12-15 13:33:41.273476,2.6024347894518147,62.311095308052266
2025-12-15 13:33:41.283476,2.6116240680202143,62.40443022244082
2025-12-15 13:33:41.293476,2.118541297444049,62.3290988665376
2025-12-15 13:33:41.303476,1.5602414801143742,62.33087600199297
2025-12-15 13:33:41.313476,0.682212454381328,62.48732838523041
2025-12-15 13:33:41.323476,0.12888511711347767,62.48672272871256
2025-12-15 13:33:41.333476,-0.5577439492267185,62.426036670320144
2025-12-15 13:33:41.343476,-1.4315688462353182,62.44112080837049
2025-12-15 13:33:41.353476,-2.144753992682372,62.42031656707515
2025-12-15 13:33:41.363476,-2.2460869671593677,62.40293867009933
2025-12-15 13:33:41.373476,-2.5210396859168442,62.41209677980397
2025-12-15 13:33:41.383476,-2.3834945047017926,62.5119181295403
2025-12-15 13:33:41.393476,-2.1677606149473005,62.665900870993816
2025-12-15 13:33:41.403476,-1.4123563266951051,62.61099930362912
2025-12-15 13:33:41.413476,-0.8835320199053521,62.60383564764133
2025-12-15 13:33:41.423476,-0.07815644461692131,62.51332921461125
2025-12-15 13:33:41.433476,0.6417655214053655,62.58889838602538
2025-12-15 13:33:41.443476,1.686413256462229,62.61279391456956
2025-12-15 13:33:41.453476,2.004664617677239,62.70008108222602
2025-12-15 13:33:41.463476,2.6265778644584703,62.69386367242119
2025-12-15 13:33:41.473476,2.5195061251111506,62.70764414413793
2025-12-15 13:33:41.483476,2.3360540948795303,62.756954546953516
2025-12-15 13:33:41.493476,2.1530911391117886,62.71183384893645
2025-12-15 13:33:41.503476,1.5447574056255262,62.7121293848636
2025-12-15 13:33:41.513476,1.1356732599470853,62.82940652059458
2025-12-15 13:33:41.523476,-0.31983968186849443,62.79385473306274
2025-12-15 13:33:41.533476,-1.080675520274876,62.83720258116811
2025-12-15 13:33:41.543476,-1.3211280694701137,62.861939493879234
2025-12-15 13:33:41.553476,-1.8248745986319044,62.89332013825527
2025-12-15 13:33:41.563476,-2.118470689571729,62.855981860745516
2025-12-15 13:33:41.573476,-2.4200436764954327,62.898059703090915
2025-12-15 13:33:41.583476,-2.5749369191760807,62.88861695744771
2025-12-15 13:33:41.593476,-1.9694592934616717,62.877216316484315
2025-12-15 13:33:41.603476,-1.3531522796442599,62.96675541472988
2025-12-15 13:33:41.613476,-0.5467563886692534,63.066375380359915
2025-12-15 13:33:41.623476,-0.346411981461902,62.91517104194493
2025-12-15 13:33:41.633476,0.8714119936264939,63.088559109348644
2025-12-15 13:33:41.643476,1.4773466780043585,63.096389398278966
2025-12-15 13:33:41.653476,2.034316037018232,63.01128117146518
2025-12-15 13:33:41.663476,2.6304610149198226,63.08011711759868
2025-12-15 13:33:41.673476,2.515663727102161,63.015343190270464
2025-12-15 13:33:41.683476,2.4039059571871206,63.160483028273966
2025-12-15 13:33:41.693476,1.9624750048833814,63.1003871879698
2025-12-15 13:33:41.703476,1.6713001693100797,63.16673694841662
2025-12-15 13:33:41.713476,0.9492732873732814,63.145027517171556
2025-12-15 13:33:41.723476,0.2460656405116352,63.24907596854248
2025-12-15 13:33:41.733476,-1.0552520655021378,63.108991127053486
2025-12-15 13:33:41.743476,-1.23932115554433,63.25191131860649
2025-12-15 13:33:41.753476,-1.9998480268761556,63.239757897069275
2025-12-15 13:33:41.763476,-2.190061701195856,63.26231947610459
2025-12-15 13:33:41.773476,-2.326232020306388,63.25917921130269
2025-12-15 13:33:41.783476,-2.2921341419951013,63.37906251571384
2025-12-15 13:33:41.793476,-2.051994405336508,63.2996892982397
2025-12-15 13:33:41.803476,-1.869614922356238,63.418690524319196
2025-12-15 13:33:41.813476,-0.6794130103750649,63.4022049088983
2025-12-15 13:33:41.823476,-0.1493429891737259,63.340286961833655
2025-12-15 13:33:41.833476,0.4701605907190435,63.40994226114126
2025-12-15 13:33:41.843476,1.6848266012166393,63.46666575647249
2025-12-15 13:33:41.853476,1.9128628760011839,63.48102353115118
2025-12-15 13:33:41.863476,2.5815989675220177,63.47776471181365
2025-12-15 13:33:41.873476,2.4207574699412477,63.517927563563994
2025-12-15 13:33:41.883476,2.4878006208378647,63.51454024470629
2025-12-15 13:33:41.893476,1.8452907502986031,63.512959718418564
2025-12-15 13:33:41.903476,1.7468680521237097,63.57457210847866
2025-12-15 13:33:41.913476,0.5388286497828108,63.58515422967106
2025-12-15 13:33:41.923476,0.16074869136888909,63.59291233575956
2025-12-15 13:33:41.933476,-0.4510912421213158,63.60272000906684
2025-12-15 13:33:41.943476,-1.2670330052930456,63.59105036188887
2025-12-15 13:33:41.953476,-2.1901950189914174,63.67242748536342
2025-12-15 13:33:41.963476,-2.5679280405263243,63.600373200149825
2025-12-15 13:33:41.973476,-2.0938169480148723,63.64553501062349
2025-12-15 13:33:41.983476,-2.360852636484769,63.7354507357938
2025-12-15 13:33:41.993476,-1.9298685580338393,63.758165553323046
2025-12-15 13:33:42.003476,-1.7550300724591286,63.712937620137055
2025-12-15 13:33:42.013476,-0.6638624537097427,63.74941585846786
2025-12-15 13:33:42.023476,-0.0683728517881427,63.75273944786982
2025-12-15 13:33:42.033476,0.4152722170596269,63.83167528811615
2025-12-15 13:33:42.043476,1.324062308954044,63.80749197133856
2025-12-15 13:33:42.053476,1.7036833005891858,63.81248729852772
2025-12-15 13:33:42.063476,2.1653242288368486,63.89625112010643
2025-12-15 13:33:42.073476,2.59540822346731,63.97126721626209
2025-12-15 13:33:42.083476,2.4094129856960156,63.9996508377703
2025-12-15 13:33:42.093476,1.9828689332377218,64.00416986020298
2025-12-15 13:33:42.103476,1.7281108128423788,64.01356730412425
2025-12-15 13:33:42.113476,0.4279976379272987,63.99138141749521
2025-12-15 13:33:42.123476,0.20858854233953406,64.02602736708823
2025-12-15 13:33:42.133476,-0.8953321133670671,64.08245495277814
2025-12-15 13:33:42.143476,-1.2797942044052393,64.08583078787073
2025-12-15 13:33:42.153476,-1.7113181804624513,64.03071346452191
2025-12-15 13:33:42.163476,-2.42922382768854,64.05716835801397
2025-12-15 13:33:42.173476,-2.7607407253539455,64.07427361939403
2025-12-15 13:33:42.183476,-2.518188339223054,64.1148595830814
2025-12-15 13:33:42.193476,-1.9178427696875624,64.08966472536083
2025-12-15 13:33:42.203476,-1.2628507080206228,64.11526183383725
2025-12-15 13:33:42.213476,-1.0092005437692844,64.14398620637066
2025-12-15 13:33:42.223476,0.08462925567407538,64.21800976375314
2025-12-15 13:33:42.233476,0.6698170392996394,64.21546688676563
2025-12-15 13:33:42.243476,1.3755747638931148,64.30243633184092
2025-12-15 13:33:42.253476,2.1272210799887836,64.29593751307736
2025-12-15 13:33:42.263476,2.6925531438582646,64.32499877346633
2025-12-15 13:33:42.273476,2.455569434323085,64.28892891641442
2025-12-15 13:33:42.283476,2.2294267572370385,64.32443187281314
2025-12-15 13:33:42.293476,2.223039141306974,64.36080162476622
2025-12-15 13:33:42.303476,1.5560124739034054,64.23730088714555
2025-12-15 13:33:42.313476,1.0064671465072519,64.37140742109916
2025-12-15 13:33:42.323476,0.1629175011253528,64.36058084300748
2025-12-15 13:33:42.333476,-0.4405852975859025,64.34770895865209
2025-12-15 13:33:42.343476,-1.5027350872841685,64.41484143169457
2025-12-15 13:33:42.353476,-2.211440593864113,64.50020187244432
2025-12-15 13:33:42.363476,-2.4482351646243607,64.53092067314002
2025-12-15 13:33:42.373476,-2.5588430312152957,64.42557694651343
2025-12-15 13:33:42.383476,-2.435411533086989,64.53011085066309
2025-12-15 13:33:42.393476,-2.08172737702577,64.48671698776242
2025-12-15 13:33:42.403476,-1.6841533349197366,64.56079454303506
2025-12-15 13:33:42.413476,-0.9554593984021065,64.70033682683194
2025-12-15 13:33:42.423476,0.26986493199040934,64.56739193088221
2025-12-15 13:33:42.433476,0.959298249232636,64.60198649126961
2025-12-15 13:33:42.443476,1.5102632485863305,64.63490357950516
2025-12-15 13:33:42.453476,2.017342448653137,64.67214098511516
2025-12-15 13:33:42.463476,2.386531364349921,64.7725033787744
2025-12-15 13:33:42.473476,2.2810146796125554,64.73817650098682
2025-12-15 13:33:42.483476,2.25378311023589,64.68342416729331
2025-12-15 13:33:42.493476,2.070135427800776,64.67134379251776
2025-12-15 13:33:42.503476,1.5320839701873734,64.79837627932726
2025-12-15 13:33:42.513476,0.8858785611527111,64.77280173390032
2025-12-15 13:33:42.523476,0.05344181480277298,64.78730791168843
2025-12-15 13:33:42.533476,-0.5307269049488041,64.79678217910893
2025-12-15 13:33:42.543476,-1.2688299982414446,64.93808305072912
2025-12-15 13:33:42.553476,-2.120923120403564,64.92102073936894
2025-12-15 13:33:42.563476,-2.26104903027143,64.79510394968597
2025-12-15 13:33:42.573476,-2.540721349468338,64.90380319969398
2025-12-15 13:33:42.583476,-2.461043059737879,64.83031254204928
2025-12-15 13:33:42.593476,-1.9308706317711999,64.90639247810208
2025-12-15 13:33:42.603476,-1.336831326282236,64.97280010884775
2025-12-15 13:33:42.613476,-0.608198747966737,64.93100670530845
2025-12-15 13:33:42.623476,0.3472979179636952,65.01407155002308
